x,y,z,color,bp
42.908,2.449,44.993,1.338011227851063,0
43.534,3.21,44.818,1.5561746790802404,0
42.553,2.909,47.199,1.3914398744880503,0
42.363,3.564,46.525,1.4238982062934402,0
43.227,4.355,45.689,1.4996771724199884,0
42.728,3.539,45.33,1.4301706457127699,0
43.838,3.042,44.668,1.6059536406869703,0
41.717,1.163,46.344,1.2146467923460091,0
42.233,1.918,45.936,1.3816410652307318,0
41.795,1.238,46.079,1.1957295364085518,0
44.643,0.63,48.308,1.4634378861572253,0
42.601,0.097,48.98,1.0114771428613565,0
44.23,1.743,48.578,1.361256312486286,0
41.661,-0.045,48.061,1.0371190260993133,0
42.464,0.399,49.034,1.2185350976688587,0
42.22,1.466,48.773,1.1890395096593116,0
41.857,1.504,48.055,1.057215704206313,0
46.955,1.172,47.978,1.6759371159679641,0
46.236,0.697,48.075,1.7316015270737426,0
47.08,4.686,45.6,1.9274560532617004,0
45.315,3.728,44.879,1.7765765571089387,0
47.13,3.925,44.43,1.682340351010494,0
48.401,1.124,47.56,1.9403060687939029,0
47.722,1.19,47.707,1.8011484542133274,0
47.99,1.305,47.867,1.6243550951736594,0
49.672,3.673,46.682,1.384707273250044,1
48.337,4.61,46.259,1.8725799289596996,0
48.443,3.884,45.197,1.6959772658224601,0
49.361,3.981,47.37,1.4863225283605177,0
47.021,4.501,47.295,2.373920434050988,0
46.568,4.001,47.723,2.271163456805476,0
47.846,2.696,48.917,1.5429602985879407,0
48.788,4.202,48.656,2.006134260564031,0
49.163,4.086,48.321,1.988570866766071,0
47.966,4.797,47.938,2.1973030907100837,0
48.888,-0.391,46.329,1.3109431487002552,1
49.246,0.304,46.924,1.738932484446043,0
49.463,0.218,45.869,1.2576176021320182,1
49.666,2.181,47.449,1.4251023048435119,0
48.411,1.498,45.012,1.206614084260792,1
49.848,1.648,47.155,1.4948618104755076,1
50.1,2.738,46.039,1.4296140362935512,1
49.916,1.858,45.321,1.262493740319186,1
42.998,2.724,47.78,1.4043330981221152,0
44.652,4.657,46.568,1.758086194243686,0
43.4,3.273,47.979,1.3965737900113753,0
43.828,4.345,47.988,1.7228927582763092,0
43.312,4.479,47.277,1.531717287265532,0
45.209,0.699,44.701,1.2675384449357596,1
45.225,1.545,44.078,1.2601810369041377,1
43.277,0.535,42.942,1.668276324928826,1
44.591,1.319,43.836,1.2180184366377154,1
45.841,3.115,48.147,2.1144673410841044,0
46.368,2.282,48.681,1.5954421375477064,0
45.112,1.687,48.676,1.6167036541813007,0
45.547,1.62,48.794,1.6918195660526985,0
45.7,-0.116,45.528,1.8840697845928491,1
46.559,-0.218,45.865,1.9717448495398737,1
46.28,0.214,47.553,2.0258769365757723,0
47.898,0.328,46.329,1.6943589374107295,1
47.043,0.688,45.521,1.645158466842336,1
45.74,2.803,44.209,1.3533311712018772,1
47.347,3.543,44.257,1.629145972399724,0
45.895,1.841,44.138,1.1501166039865225,1
46.347,3.177,43.945,1.5519882317790579,0
46.647,2.949,43.736,1.408886081521061,1
46.925,4.603,46.916,2.2119240269753964,0
45.298,4.565,45.683,2.0103329560695933,0
46.264,5.02,45.751,2.295643307955248,0
45.417,-0.689,47.554,1.817679437191115,0
41.664,-2.507,49.558,1.7610828388364912,0
44.287,-0.972,48.698,1.3104478178033796,0
43.876,-1.001,49.188,1.2140559106942967,0
41.971,-1.153,48.462,1.0760076687965647,0
43.425,-1.808,49.964,1.0729994578526778,0
42.774,-1.267,49.538,1.1465288489102579,0
41.113,-3.765,44.615,1.1798644682222454,1
42.182,-3.469,43.737,1.3835699352174935,1
40.75,-3.049,43.508,1.4326940167766131,1
40.838,0.364,45.681,1.9052051180089236,0
40.35,-3.364,44.809,1.64642436881119,1
38.798,-0.204,45.747,1.750576425377279,0
38.071,-1.571,44.96,2.0413124398052145,1
39.297,-3.056,44.615,1.5910217757240916,1
43.201,0.951,43.304,1.712955229951299,1
42.238,-1.002,41.356,1.925845292030947,1
41.418,-2.159,42.074,1.9024129918557162,1
42.668,-0.978,41.547,1.7821074608159886,1
38.619,1.392,44.069,2.637956427192153,0
37.896,0.836,44.497,2.63317231391372,0
39.196,0.76,45.333,2.0680816676337734,0
38.209,0.974,44.672,2.439109626107813,0
37.626,-1.107,43.024,2.5781266819288877,0
40.213,-1.621,42.281,2.4470865649499896,1
42.177,1.534,43.64,1.9195233380031183,0
39.991,-0.885,41.229,2.522553402547029,1
40.379,0.696,40.81,2.63660674927984,1
42.823,0.792,42.068,1.8024010028201167,1
42.195,-0.343,41.006,1.9409402816289498,1
40.863,1.27,44.062,2.590174979926855,0
39.25,1.892,43.697,2.694031203096199,0
39.297,1.681,43.973,2.700383851396689,0
39.545,-0.098,40.936,2.636777623864419,1
38.282,-0.048,41.445,2.8444670417330724,1
37.582,0.839,42.206,3.482087954146005,0
37.891,1.067,41.09,3.0263570576833367,0
38.337,0.622,40.829,2.833211870434637,0
44.476,-1.081,44.483,1.4197784758963063,1
45.276,-0.126,45.151,1.5179326712896564,1
44.842,-0.199,44.436,1.3323878871821435,1
41.477,0.391,46.736,1.315044646723625,0
41.26,0.031,47.199,1.0970896896219813,0
40.615,-0.676,47.131,1.108767194405758,0
40.927,-0.234,47.178,1.1499425328757884,0
43.95,-2.017,44.004,1.1097604664608083,1
43.366,-2.285,43.24,1.3448132712913252,1
43.356,-3.37,43.748,1.2358570056359395,1
41.657,-4.256,45.002,1.2281388026271245,1
39.16,-2.965,45.388,1.7591172272096929,1
39.508,-2.37,46.805,1.735177538047421,1
39.631,-1.268,46.562,1.3056953660785984,1
38.589,-2.246,46.055,1.7825639545238108,1
43.982,0.084,43.457,1.3128189949296885,1
43.202,-1.917,42.5,1.4920352770562084,1
43.869,-1.298,42.444,1.2614415161293948,1
37.413,0.43,43.441,3.1102310906124626,0
37.217,-0.747,44.692,2.221943312537628,0
37.061,-0.748,43.884,2.509642795918622,0
42.613,1.211,42.04,1.8412213235002202,1
41.198,1.813,41.447,2.38904079463568,0
42.021,1.757,41.479,2.0048605443990146,0
41.459,1.428,40.768,2.1498862612009324,1
40.23,2.197,43.027,2.521813069457378,0
40.241,2.444,42.643,2.496337548944537,0
39.049,2.079,40.984,3.1633403487291063,0
38.239,2.436,42.82,2.6965012437846463,0
38.723,3.077,42.012,2.5298714140851186,0
39.065,2.748,41.301,2.864895979185324,0
46.258,-5.546,45.399,1.2051717514451976,1
44.79,-4.217,45.127,1.1046828985904615,1
46.994,-5.532,45.104,1.2676552995343053,1
46.211,-2.825,44.89,1.2153907977819778,1
44.582,-3.717,44.663,1.299381277317277,1
46.086,-5.115,44.561,1.2576519134056061,1
47.025,-4.554,44.3,1.252727814603374,1
46.872,-6.066,47.285,1.5111732723043987,1
45.075,-6.963,48.392,1.400712871723771,1
43.934,-6.707,49.004,1.4343112532346864,1
43.062,-6.904,48.369,1.9134950729563431,1
41.271,-6.546,47.655,2.1209041152431136,1
42.667,-6.741,46.959,1.549763915405558,1
44.596,-3.585,49.94,1.239144285903758,1
42.051,-6.483,50.462,2.7282914039430066,1
43.38,-3.815,51.19,2.134189246479752,1
42.355,-6.671,50.128,2.397060002886378,1
39.076,-4.687,47.941,2.2334838497450096,1
39.818,-5.52,46.527,1.7297934526935852,1
40.787,-6.497,47.726,2.150436905445778,1
40.563,-5.705,46.241,1.6962445684336502,1
42.715,-4.58,51.639,2.6727518447608847,1
42.125,-3.828,51.721,2.5311317987127664,0
39.934,-5.495,50.534,3.1298096367555965,1
41.613,-5.81,51.531,3.061695082071856,1
42.401,-3.105,50.87,2.267573260475933,0
41.041,-6.387,50.469,2.991445312096918,1
41.214,-2.635,49.558,2.107779294380529,0
38.819,-4.839,48.672,2.526550841483164,1
39.468,-2.977,49.354,1.8963327918951338,1
39.463,-5.326,50.238,2.9900581516881672,1
40.549,-2.604,49.476,2.010730510252206,1
39.042,-5.345,48.63,2.5794082091320027,1
44.501,-2.752,44.496,1.4278549442448667,1
45.814,-1.893,45.865,1.2350582525889724,1
44.725,-1.742,44.827,1.2001232073910892,1
45.717,-4.207,49.514,1.237749745417407,1
47.283,-2.45,48.046,1.4314298552721472,0
45.14,-3.595,49.75,1.3169874685187901,1
45.721,-3.237,49.677,1.2678851064115269,1
45.952,-2.224,49.077,1.1308942188080287,0
46.265,-6.168,47.051,1.4655403448664763,1
45.29,-6.922,47.496,1.5540701565629902,1
44.325,-6.95,46.942,1.484947553820529,1
44.572,-6.213,46.022,1.3093634510606051,1
46.72,-5.817,48.821,1.1483244737066225,1
46.076,-4.956,49.53,1.2590080160743555,1
45.134,-5.293,50.265,1.558292106671902,1
45.072,-6.575,49.391,1.3797380757656121,1
43.748,-5.345,45.762,1.1885132458911374,1
43.488,-5.635,45.717,1.3247913713807908,1
41.838,-4.967,45.374,1.2084066950600594,1
44.269,-6.188,50.208,1.4414622555903651,1
43.733,-6.16,50.924,2.0597395883161824,1
44.078,-5.014,51.612,2.238609394762202,1
43.778,-4.251,51.403,2.130065610722666,1
40.354,-4.121,45.606,1.4351939161070257,1
39.251,-3.79,46.819,1.7589168815949605,1
39.522,-4.682,46.055,1.6835539980619403,1
41.533,-4.869,52.211,2.916736589575109,1
41.008,-3.812,52.002,2.784589531806488,1
38.876,-4.193,50.231,2.559930902710401,1
38.811,-5.029,49.52,2.7493968103178847,1
38.999,-3.38,48.712,1.8825517347664689,1
48.08,-6.366,47.588,1.722897507549829,1
48.313,-6.654,47.341,1.600894430562413,1
48.426,-6.778,47.509,1.8102950184884101,1
51.215,-4.364,49.297,1.17476207249577,1
51.185,-4.77,49.609,1.1344685503784715,1
49.211,-4.12,49.359,1.3158469592285837,1
50.534,-4.711,49.857,1.1943372256065052,1
49.547,-1.984,44.772,1.232206925309063,1
48.658,-2.843,44.173,1.229693238045926,1
50.137,-5.674,44.535,1.3778865012726669,1
48.832,-4.106,43.91,1.385240233388901,1
49.34,-4.804,43.715,1.2110594557400676,1
49.814,-3.298,43.454,1.1476904438561517,1
50.367,-3.786,43.289,1.2037612553824795,1
51.34,-1.762,48.258,1.7458693501849956,1
51.916,-2.123,46.37,1.3584341041014452,1
51.668,-2.879,45.659,1.1619656505599276,1
49.132,-0.764,46.058,1.2241109779820647,1
50.285,-2.2,48.549,1.3671713957854013,1
49.201,-1.364,45.512,1.248786312288955,1
48.674,-3.808,48.966,1.2390324774017976,1
48.032,-5.285,49.227,1.3217141972082793,1
47.354,-5.117,49.279,1.0909981892461553,1
47.905,-3.728,49.236,1.2188493026372085,1
48.815,-7.037,45.874,1.3401422578945668,1
47.496,-6.275,45.993,1.300706156323151,1
48.055,-6.684,45.615,1.2643647702162308,1
47.426,-1.271,46.126,1.8650158532603718,1
48.381,-1.488,46.043,1.3874043051257148,1
47.222,-2.862,44.733,1.2138468472235753,1
48.335,-2.668,44.257,1.1978627463903282,1
51.791,-5.785,45.105,1.4250782103293251,1
51.986,-5.673,45.052,1.5379294001115553,1
51.273,-2.949,44.97,1.248664581321232,1
51.527,-5.187,44.279,1.249560799149356,1
50.902,-3.665,48.718,1.3125113204791214,1
49.621,-1.025,45.583,1.0125647812121532,1
51.841,-1.851,46.395,1.1551033794659669,1
50.977,-1.987,45.029,1.140682951811574,1
49.955,-0.802,45.496,1.1134706770094283,1
50.921,-0.642,45.908,1.0332200462409673,1
50.879,-1.734,44.988,1.1352529336765205,1
48.144,-1.24,47.165,2.1492433050825985,0
48.445,-1.046,47.302,1.9634095662777764,0
49.003,-0.994,47.721,1.6217656898995638,0
49.359,-2.13,48.597,1.225100010085755,0
48.423,-1.679,47.997,1.362742596588709,0
53.231,-5.22,45.815,1.5420382599505769,1
53.959,-5.687,45.475,1.697439744034257,1
52.918,-7.606,45.303,1.450802882305333,1
52.17,-7.13,45.391,1.489511943062101,1
50.429,-9.945,45.698,1.4031604153356154,1
49.435,-10.219,45.633,1.5777525357850815,1
47.969,-10.454,47.696,1.6456352205618359,1
49.307,-12.082,47.926,1.2105680766117228,1
49.205,-12.097,47.503,1.3011926435563046,1
48.309,-11.002,46.679,1.715742307574549,1
49.426,-11.414,46.018,1.0367998105746463,1
53.522,-12.3,48.86,1.172342323609526,1
53.376,-9.901,49.142,1.2081389080774885,0
49.965,-10.265,50.464,1.3869727621345493,1
51.325,-10.053,51.214,1.5710155125804652,1
50.442,-9.966,50.847,1.3856084083768887,1
51.884,-12.095,50.186,1.4522909215017172,1
53.436,-10.419,49.362,1.131481094154876,1
49.455,-7.613,45.874,1.4092102327455192,1
51.412,-6.06,45.105,1.51835658077533,1
50.04,-7.72,45.404,1.379298127453315,1
50.073,-6.748,44.879,1.3341097889062516,1
50.093,-6.761,49.444,1.235983970408475,1
51.986,-6.629,49.887,1.1452904215040145,1
51.271,-6.606,49.95,1.2582881741847913,1
51.107,-10.46,45.955,1.2706384726491722,1
53.293,-8.429,45.694,1.6314955609011776,1
53.161,-8.638,45.777,1.631721684829465,1
51.039,-7.999,45.356,1.4828610255630135,1
51.226,-8.864,45.321,1.4028494096890527,1
53.892,-8.336,48.916,1.253516795414065,0
53.538,-9.83,46.856,1.9254275633719424,1
54.002,-9.771,46.105,2.111194664843459,1
53.38,-9.497,48.943,1.233085709577188,0
50.73,-8.487,50.063,1.2840131446647443,1
48.983,-8.74,48.756,1.6188485612370211,1
49.885,-8.116,49.906,1.2439544249522736,1
48.944,-8.087,46.804,1.4634059547015341,1
49.961,-9.381,45.688,1.5382563885909615,1
48.66,-9.912,45.827,1.5216447832245303,1
51.004,-12.498,47.124,1.2173510436711354,1
49.839,-11.529,46.006,1.1917468906919053,1
49.541,-11.802,48.688,1.0279642228797958,1
48.315,-10.771,49.022,1.3906591772737629,1
47.994,-11.223,48.311,1.4300795339525372,1
52.757,-8.68,49.836,1.2141713751679664,0
52.921,-8.874,50.053,1.1748017947283416,0
51.522,-9.371,50.976,1.2065864250646687,1
52.371,-9.494,51.171,1.2660027619235854,0
52.814,-9.036,50.643,1.0767420517033517,0
49.837,-11.88,48.637,1.409572363076976,1
51.028,-11.346,51.09,1.3834157982715267,1
50.592,-12.004,50.562,1.3223472648025805,1
53.52,-12.271,48.847,1.2100977938695396,1
52.533,-12.421,48.684,1.4239851363577414,1
52.308,-12.544,48.439,1.5171799976395373,1
53.714,-6.627,49.313,1.3139067539943239,0
56.196,-4.99,50.139,1.421774835310606,0
55.803,-5.482,50.148,1.2303593238932415,0
54.281,-7.664,49.24,1.1985498423156091,0
54.379,-5.95,49.683,1.4447098002720526,0
56.337,-8.096,48.771,1.4756448808928555,0
54.438,-6.269,49.681,1.195216538065493,0
54.923,-6.83,50.015,1.3161097880172525,0
56.007,-7.836,49.754,1.4648580514937632,0
53.082,-3.522,50.118,1.2974575975614664,0
54.041,-2.521,47.11,1.521458816487871,1
56.664,-1.489,47.199,1.1904081146818144,1
53.423,-1.391,47.157,1.507541173590455,1
56.178,-1.05,50.215,1.404554233624075,0
55.188,-0.451,50.318,1.407843695674636,0
53.769,-1.542,47.043,1.347358912129109,1
56.416,-0.147,49.295,1.3646306776173194,1
54.259,-0.59,46.759,1.331936841027437,1
57.54,-0.831,48.369,1.2518531370482398,1
56.205,-0.868,46.767,1.1929816689326798,1
56.515,0.1,48.658,1.3688229713833915,1
56.506,0.494,48.333,1.3731599962317398,1
56.79,-0.404,47.552,1.2474720762325198,1
56.364,0.682,47.169,1.6330579135818206,1
55.534,0.876,46.834,1.7162648924524455,1
56.035,-0.621,46.573,1.1834590821109887,1
55.605,-1.23,50.428,1.4187159878754012,0
53.563,-0.557,50.84,1.6233797619126928,0
52.061,-4.089,49.297,1.3045816086435318,1
53.938,-5.806,49.683,1.2507642586959207,0
52.436,-6.04,49.94,1.1586928451069296,0
52.506,-4.99,50.095,1.2711371193246932,0
53.399,-4.094,46.338,1.6252788775667453,1
53.173,-3.573,46.849,1.9117103663127337,1
55.678,-4.049,46.001,1.3824893163281196,1
54.872,-3.696,46.096,1.2928652499612643,1
51.665,-3.862,48.979,1.1700477844202914,1
52.599,-2.856,49.668,1.4612015678880321,1
54.838,-3.206,51.024,1.256564638072703,0
55.174,-3.446,51.337,1.1466311443698838,0
54.361,-3.282,50.881,1.2994657693654863,0
54.681,-4.867,50.545,1.1764812906587754,0
56.967,-2.999,46.721,1.1574455687116427,1
55.883,-1.313,46.595,1.3615065279064429,1
56.325,-2.199,46.394,1.2322618213973418,1
52.579,-2.281,49.646,1.5915934106474439,1
54.198,-1.704,51.076,1.3931775870113523,0
52.611,-2.219,50.032,1.3227245609681526,0
53.394,-1.848,51.148,1.3475276245423242,0
52.951,-2.306,50.62,1.305668543449405,0
52.812,-1.008,47.895,1.679405109428907,1
54.527,0.934,49.24,1.6965110517245368,0
52.851,0.1,50.297,1.4580629373882976,0
52.583,0.1,49.978,1.3687815199294249,0
52.786,0.936,49.17,1.3822077985950292,0
58.006,-4.293,50.098,1.977848270727736,0
58.504,-4.347,50.488,2.0733592288844713,0
59.692,-4.274,51.517,1.9206129076449856,0
59.737,-5.859,50.921,1.411051737877488,0
59.193,-4.357,51.184,1.9591723885355976,0
57.391,-5.613,43.347,1.4495113290794188,1
58.091,-4.865,44.798,1.187603380856513,1
56.679,-5.697,43.384,1.228420169547325,1
59.521,-8.602,48.315,1.492231578212146,0
54.362,-8.928,45.516,1.4053701510405368,1
54.391,-8.415,44.96,1.3784948690663148,1
56.893,-3.511,46.363,1.1386362970432122,1
59.919,-7.95,49.379,1.7528458780501859,0
58.747,-8.25,48.401,1.2916998424542543,0
58.114,-6.867,49.57,1.4376567115829944,0
57.743,-7.281,49.474,1.124470160376046,0
59.127,-5.626,44.193,1.0778668444046784,1
57.613,-4.453,45.413,1.1248537386806376,1
55.514,-4.718,45.415,1.3874566171835054,1
59.239,-9.194,47.891,1.125314097146205,0
60.839,-8.892,47.469,1.5720933657094487,0
59.91,-9.367,47.508,1.3071150921519998,0
57.301,-9.683,47.607,1.2926451145433053,0
55.402,-8.26,47.618,1.399702011096701,0
55.202,-9.481,45.844,1.5335422924224495,1
55.908,-8.876,46.924,1.7672359051971591,1
54.621,-5.84,45.334,1.6430108449780798,1
55.052,-6.464,43.479,1.3938239535157781,1
54.512,-6.239,44.613,1.3406626403461388,1
61.868,-1.751,47.674,1.6922470587134122,1
63.101,-2.275,48.06,1.5994837235673027,1
63.398,-2.455,47.889,1.5649467156453882,1
64.187,-5.419,48.59,1.0933675506073706,0
63.184,-4.277,49.621,1.1986984552661246,0
64.141,-4.314,48.827,1.1247474524627903,0
62.482,-2.695,50.073,1.335253807790225,0
60.825,0.291,50.119,1.4253452169605327,1
60.526,-0.369,48.356,1.404964065617977,1
60.777,-0.116,48.629,1.4556754614375282,1
61.243,-0.852,53.191,2.1834441493679067,0
61.883,-0.962,52.499,1.9492535854089985,0
61.892,-0.161,51.314,1.9669546229252748,1
59.846,-3.752,51.652,1.9657773341450777,0
59.661,-3.764,52.449,1.9832460185749743,0
59.24,-0.278,52.736,1.8888318694579211,0
57.768,-0.962,51.563,1.493823379493142,0
57.321,-1.185,51.753,1.523681865253872,0
58.458,-4.081,53.2,1.9384151976417696,0
57.9,-0.455,52.777,1.761514069035691,0
57.587,-0.833,51.953,1.714247765341025,0
58.949,-1.15,55.075,2.827829900091481,0
60.224,-3.078,54.515,2.0133109665777655,0
56.899,-1.574,51.686,1.4602778810925945,0
57.293,-4.038,52.07,1.419737749640641,0
57.331,-4.18,52.612,1.3810626251502758,0
58.539,-3.058,47.153,1.4516824602068548,1
60.65,-4.111,45.539,1.525825562985048,1
59.602,-5.461,44.747,1.0302398970495936,1
58.852,-4.666,45.286,1.154335119945658,1
58.794,-3.602,45.693,0.9271853516232875,1
59.43,-2.04,47.466,1.1746122894263757,1
61.021,-1.67,46.482,1.2427655434836478,1
59.481,-2.74,46.4,1.2387535264017249,1
59.662,-2.019,46.72,1.2518932244961138,1
61.238,-4.985,50.913,1.3899287128901363,0
61.808,-3.778,51.132,1.4545351943442524,0
62.446,-3.055,50.364,1.270070846490888,0
62.816,-1.855,48.776,1.59777289046925,1
61.727,0.053,49.56,1.5836071193749186,1
62.777,-1.177,50.132,1.5168649207996596,1
62.574,-0.341,49.324,1.6843755119138404,1
58.725,-0.81,49.417,1.315960383984728,1
58.225,-2.241,48.184,1.3627976566114985,1
59.398,-0.15,49.761,1.2423860544019942,1
59.571,0.031,49.033,1.385387257587928,1
60.155,-3.363,52.165,2.0631169751214795,0
62.115,-2.848,51.329,1.4400522948222763,0
62.344,-1.772,51.579,1.6717175176583619,0
61.686,-2.557,52.847,1.6838339119621069,0
62.363,-1.974,52.136,1.6100787054582864,0
61.484,0.21,51.186,1.8267130477807556,1
59.997,-0.198,52.906,2.1639538514204415,0
60.243,0.648,52.191,1.8993180138671653,1
60.022,0.727,51.383,1.5797708497252287,1
57.446,-1.133,49.417,1.4424170582541798,1
58.058,-0.893,51.238,1.4193367372510934,1
59.523,-0.537,53.432,2.194753375101317,0
59.882,-0.471,53.559,2.333816146915757,0
59.693,-0.718,54.508,2.7768510181152872,0
60.304,-0.864,54.739,2.5273334903961153,0
61.376,-1.627,54.028,2.114685147255346,0
59.926,-1.758,55.327,2.329102487252725,0
57.612,-3.006,54.976,2.1791854415266663,0
59.184,-2.72,55.928,2.4349764626182306,0
58.659,-1.663,55.719,2.857271914547367,0
59.627,-3.178,55.4,2.014670055722746,0
55.26,-2.541,51.285,1.3924275604266179,0
57.587,-4.157,50.098,1.8649086385396414,0
57.449,-3.824,51.269,1.6593279406646666,0
55.738,-3.496,52.025,1.305401076904985,0
55.26,-2.194,51.334,1.4086426709429403,0
57.063,-1.858,54.356,2.3893710310458713,0
56.064,-3.626,53.09,1.3203486592432467,0
56.949,-3.618,54.595,1.8829482499167185,0
57.07,-3.868,54.276,1.9175507740924842,0
55.657,-2.855,53.468,1.622677892003316,0
62.675,-1.989,46.478,1.7342936404395064,1
63.601,-2.117,46.454,1.7093752886847478,1
63.318,-2.041,45.608,1.6528324029568477,1
65.71,-3.85,46.562,1.0543425246935696,0
65.843,-4.305,45.738,1.076569338768269,0
62.706,-3.777,42.789,1.3353581444806935,1
63.216,-2.986,43.595,1.3747236871706852,1
61.252,-4.991,44.747,1.3232213710577052,1
61.593,-4.252,44.587,1.3722613351871042,1
61.222,-4.542,45.112,1.2623381580352202,1
61.77,-3.141,44.486,1.2055792142999242,1
60.846,-2.154,45.907,1.2202004723651583,1
62.507,-1.863,45.466,1.4696141512904033,1
61.55,-2.372,44.755,1.1343484729454536,1
65.201,-2.336,44.697,1.3549652666041072,1
63.866,-2.059,45.045,1.6793237862262258,1
64.106,-1.837,45.781,1.7517186906831868,1
64.537,-5.059,47.835,1.1509169934386672,0
65.028,-5.681,46.083,1.3176080155337528,0
65.072,-3.82,47.335,1.03829406904471,0
65.569,-4.483,47.051,0.9036634019587703,0
63.959,-3.116,41.729,1.5454294780141713,1
66.591,-3.015,40.296,1.3610273515470106,0
64.487,-2.789,41.573,1.5968084262078073,1
65.099,-2.361,40.624,1.6991138423676266,1
63.481,-2.843,39.445,1.5123197869109006,1
66.65,-3.395,39.319,1.633687422368822,0
64.134,-4.7,37.315,2.1736581461757285,1
63.783,-4.457,37.902,2.0014683747951634,1
64.415,-4.258,36.863,2.2593732550806194,0
64.584,-4.783,36.509,2.3264333077219503,0
64.672,-5.767,36.573,2.1902847710416533,0
67.965,-4.259,37.393,2.621406735028239,0
68.347,-4.693,36.569,2.460789131050686,0
64.932,-5.83,35.745,2.0252443434322505,0
66.049,-6.242,35.084,2.4834374755771877,0
68.158,-5.829,37.347,2.3216825060921593,0
68.179,-6.201,37.41,2.267842809545016,0
67.857,-3.466,34.884,3.4300291228924653,0
68.089,-3.644,35.672,2.666054651859671,0
65.823,-4.821,44.452,1.355456023434064,0
66.649,-3.647,42.796,1.4365981007022288,0
66.674,-4.319,42.877,1.515320560515731,0
66.127,-4.259,44.566,1.2702664057902822,0
66.603,-3.396,43.788,1.208783760537303,0
62.134,-5.603,40.847,1.2934463106056469,1
62.534,-3.995,42.397,1.3595691027332215,1
61.795,-5.176,41.504,1.241230651866788,1
66.707,-3.431,42.414,1.4042126479351804,0
66.97,-3.136,41.208,1.325428415607068,0
65.166,-2.402,41.149,1.741860663722547,1
65.361,-2.299,41.749,1.5130732888575609,1
67.121,-6.97,41.389,1.1920009349849443,0
67.11,-5.323,42.329,1.2686834924361643,0
67.569,-4.959,40.916,1.2731264788197043,0
63.116,-5.807,40.169,1.8912379071233865,1
63.104,-3.377,40.53,1.5276887475025391,1
63.005,-3.144,39.956,1.40798370507048,1
63.101,-3.763,38.829,1.4428392466090132,1
65.865,-2.343,38.642,1.6480964762275223,1
66.392,-2.65,39.634,1.3863439761828316,0
65.531,-2.089,38.826,1.2834583391657557,1
65.664,-7.776,40.2,1.9366840419950153,0
67.858,-6.312,40.995,1.1462403028639647,0
66.751,-6.377,40.214,1.8128068272645872,0
67.249,-5.482,40.083,1.549040241000331,0
67.388,-5.708,39.311,2.333690603926188,0
63.721,-6.693,39.399,1.9247924245508472,0
63.425,-5.578,39.053,1.7487316598495488,1
64.573,-7.022,38.044,2.1715500217020227,0
63.832,-7.464,38.934,1.616134825176114,0
63.897,-6.65,37.894,1.9483452919256898,0
65.065,-3.785,36.108,2.720622501938484,0
64.294,-3.804,37.334,2.155116750847473,1
64.307,-3.31,37.543,1.942648685093953,1
64.67,-2.684,37.163,2.0033452364983355,0
65.003,-8.028,38.305,1.8068151701184691,0
66.065,-8.006,38.986,1.7880267740998121,0
67.111,-6.754,38.891,2.4980981559495268,0
65.696,-8.032,37.434,1.7935323229417874,0
66.563,-7.857,36.187,2.2219395970436957,0
68.045,-6.355,34.946,3.0716605651323294,0
66.539,-6.9,35.263,2.4954042090567468,0
68.332,-7.419,36.76,1.7965919244649904,0
67.848,-8.06,35.952,1.7887952953997472,0
66.656,-7.185,35.241,2.426550409698735,0
65.456,-4.067,35.18,2.4788439500270933,0
65.508,-3.23,35.495,2.3934449249843515,0
67.525,-2.711,35.517,2.8676709146853137,0
65.597,-3.095,35.101,2.4442423782714724,0
67.009,-2.845,34.39,3.297074318108791,0
66.759,-6.302,34.855,2.639089879840088,0
68.345,-4.263,35.028,3.09110437820374,0
68.572,-5.012,34.541,3.3727869644248227,0
68.429,-5.012,34.149,3.532626768300974,0
67.28,-5.775,33.83,3.2100774485733967,0
65.996,-7.784,40.918,1.674729760568123,0
66.653,-6.915,41.33,1.1991125822445465,0
64.322,-11.706,43.471,1.5415799084506274,0
64.989,-11.313,43.711,1.521312632260706,0
68.12,-8.412,45.191,1.9869920612721244,0
67.68,-7.786,45.257,1.8274203891077925,0
66.226,-11.443,43.711,1.3492443232300093,0
68.516,-11.49,43.694,1.8877040969759986,0
66.516,-11.135,42.195,1.5776449444702016,0
68.484,-11.474,42.861,1.8931071408776143,0
69.087,-7.361,43.544,2.0393713221039067,0
70.602,-8.162,43.624,2.9226910081755135,0
69.892,-10.927,42.778,2.5637014715920516,0
70.566,-10.14,42.377,2.6863867271349973,0
67.509,-7.537,41.813,1.8260081484130328,0
67.836,-6.531,41.33,1.2056172222316177,0
67.627,-7.666,41.389,1.6147616296461433,0
69.637,-9.687,41.387,2.0106257177077023,0
69.082,-7.231,42.692,1.878610821510988,0
66.663,-9.501,39.443,1.46985874356163,0
69.264,-7.165,42.437,1.7795509450801785,0
69.946,-7.406,41.656,1.5855582004486342,0
70.135,-8.546,41.06,1.7202455975665736,0
68.984,-8.546,40.895,1.5119093384219995,0
70.415,-8.12,44.076,2.9613526810763653,0
68.994,-9.804,45.228,2.155435476912684,0
69.017,-9.307,45.295,2.221577051483424,0
69.617,-10.17,45.327,2.192483676238633,0
70.178,-8.444,45.066,2.638603551942022,0
71.103,-9.684,44.731,3.2837706546798673,0
70.609,-10.61,44.348,2.853302950201677,0
71.038,-9.91,43.567,3.31738894193566,0
67.761,-6.732,42.439,1.2809694261506017,0
67.159,-5.661,42.872,1.2437157461430854,0
66.526,-9.461,40.774,1.4411855271700895,0
65.818,-6.118,44.359,1.3456327631365248,0
68.721,-7.474,44.214,1.8995155530427923,0
67.706,-6.505,43.637,1.3952691171154235,0
67.857,-6.596,43.944,1.5060676392033492,0
65.877,-7.933,45.806,1.109478597667941,0
66.007,-10.258,44.942,1.471293425120053,0
66.387,-8.041,45.806,1.253423949110044,0
66.454,-9.108,45.969,1.3141338958546585,0
66.537,-11.694,44.432,1.4045574936107672,0
66.325,-11.796,44.228,1.3302165505056285,0
68.956,-11.095,44.074,2.0885771971036973,0
67.133,-11.613,44.522,1.380925916906591,0
67.89,-11.662,44.565,1.3848815012721112,0
67.979,-9.277,41.326,1.832926000082121,0
68.362,-10.708,41.72,1.8204509522738777,0
61.664,-9.377,46.67,1.3632215007318342,0
60.811,-10.062,46.221,1.1371848891850038,0
62.29,-9.33,47.489,1.3113818402538524,0
64.709,-7.634,48.971,1.1394098442301839,0
64.156,-7.384,49.585,1.176366716313775,0
63.978,-6.986,49.832,1.0963321362911023,0
61.141,-9.057,48.865,1.7821209041099317,0
63.659,-7.899,50.851,1.970069703069949,0
62.436,-7.141,52.267,1.7923457043266187,0
60.123,-8.532,50.326,1.6829803587776995,0
63.537,-8.139,51.917,1.996140575862908,0
63.789,-8.601,51.093,1.8053294449595414,0
60.896,-10.165,50.67,1.5909004912914473,0
59.909,-7.826,50.09,1.7634578110887418,0
62.248,-6.431,51.435,1.6018004168324276,0
59.777,-7.712,50.855,1.7065148700505155,0
60.552,-9.915,51.636,2.0793487040905894,0
63.194,-9.641,52.893,3.1523202296008908,0
64.87,-6.766,45.7,1.1489265466628578,0
65.433,-6.466,45.004,1.3236139437085277,0
63.044,-10.79,47.07,1.4822804214823184,0
64.298,-9.544,46.077,1.4107710585150977,0
64.368,-9.947,45.68,1.533936980442172,0
63.779,-10.655,46.983,1.3531599125273153,0
64.227,-9.699,47.611,1.0624199298687058,0
64.118,-9.591,48.716,1.2113572683577787,0
64.512,-5.729,48.17,1.0737411111614494,0
64.92,-7.265,46.485,1.2137174814152603,0
65.147,-7.561,47.755,1.2098824425938584,0
65.116,-6.958,48.43,0.9909517169985597,0
62.121,-5.541,50.532,1.3396732953569488,0
63.656,-6.722,50.199,1.2941188943923434,0
63.553,-6.104,50.161,1.1811432564878819,0
63.948,-8.562,49.949,1.2602709880522944,0
62.853,-10.119,48.233,1.4356537124339146,0
64.134,-9.039,49.498,1.113069323963125,0
63.074,-10.702,50.2,1.5022281672326556,0
63.996,-9.39,50.094,1.3009303098308842,0
62.309,-10.203,48.894,1.7108622686308619,0
59.517,-5.454,51.669,1.371342025142273,0
61.029,-5.806,51.34,1.3652542103493395,0
60.343,-6.074,51.899,1.4773491348195638,0
60.043,-6.052,52.449,1.1101400806005093,0
60.285,-8.832,52.131,1.9878720589127692,0
61.67,-7.694,53.174,2.035258456244803,0
60.815,-7.372,53.56,1.5884142249193558,0
60.925,-6.609,53.279,1.499700433984129,0
59.879,-7.823,52.96,1.5544727092724577,0
61.921,-11.127,52.338,2.0512487777193855,0
63.11,-10.41,52.736,1.9839487974680308,0
62.748,-10.772,52.777,3.2948971866563124,0
62.613,-11.6,51.802,1.5751515400418759,0
63.065,-11.51,51.386,1.4851161705394738,0
60.465,-9.064,52.513,2.2443916468320397,0
61.44,-8.803,53.645,2.371388684885259,0
61.255,-9.687,53.957,2.8142557331060716,0
62.17,-9.104,53.748,3.003625589414095,0
62.313,-10.5,53.429,3.535362834689778,0
61.525,-5.467,41.342,1.2627171784040248,1
57.343,-5.44,41.491,1.7483609604186294,1
58.25,-5.342,42.006,1.6597157610516422,1
57.167,-5.723,42.302,1.7294663852473655,1
58.515,-7.416,38.099,1.402898851565646,0
57.733,-5.136,41.296,1.6544681451293186,1
57.94,-4.862,38.819,1.5321680256126886,1
59.194,-4.88,39.952,1.3427293045610829,1
55.215,-8.792,40.286,1.3366848080983764,1
55.295,-9.002,40.514,1.2554830844562084,1
55.551,-9.61,42.229,0.9848381159314828,1
54.329,-8.092,40.619,1.1823676962374214,1
54.277,-8.31,41.346,1.1679185376802348,1
54.37,-6.551,41.832,1.4442548616840758,1
55.876,-7.768,38.428,1.503011245597729,1
56.304,-7.814,38.098,1.6449495600266637,0
55.666,-5.072,38.565,2.2106004196278386,1
56.606,-6.616,37.576,1.519682695580588,0
55.549,-4.898,39.89,1.7736226363594245,1
57.045,-4.437,39.466,1.5084960283307434,1
55.722,-6.776,37.981,1.6234328816693704,0
55.536,-8.313,38.92,1.4234346802950615,1
55.163,-8.474,39.427,1.3891181990322752,1
54.657,-6.145,38.764,1.9331305976073632,1
54.874,-5.614,41.386,1.544565761495269,1
54.397,-5.548,40.624,1.5787110893014729,1
54.874,-5.614,39.016,2.133457987516765,1
58.278,-5.679,42.792,1.6260769731014455,1
60.284,-5.702,43.967,1.1148481258630205,1
60.742,-5.189,42.412,0.8929360041938038,1
60.257,-5.199,41.618,0.972895584395061,1
60.332,-5.041,42.532,0.9271257058382504,1
60.19,-8.605,40.096,1.6848432135801514,0
62.805,-7.142,40.543,1.5694937308027113,1
61.798,-6.698,40.378,1.1154183360894379,1
61.824,-6.526,40.43,1.0101188096084486,1
60.745,-6.482,39.861,1.026672678282694,1
60.912,-6.999,39.832,0.9971198740980902,1
58.837,-6.298,38.174,1.4191977203673203,1
60.032,-5.595,39.166,1.047201759506506,1
59.26,-5.345,38.455,1.2366637801138674,1
54.936,-8.784,43.067,1.1807749489044448,1
54.449,-7.874,43.244,1.150847635703018,1
54.103,-7.383,42.219,1.188700044884957,1
56.863,-4.818,37.922,1.8794931018470526,1
55.892,-6.048,37.603,1.6594541050254714,0
53.793,-7.173,40.448,1.4226076260904543,1
53.893,-7.558,39.64,1.61935640126819,1
54.319,-6.722,38.72,1.8721473437907896,1
61.37,-9.674,39.087,1.453014541192131,0
61.3,-14.022,39.919,1.5031887152446894,0
62.551,-13.901,40.266,1.3823058168877418,0
63.824,-9.96,37.989,1.412685499163012,0
64.437,-13.246,38.869,1.2612013588934226,0
64.637,-13.121,38.784,1.1927553666686608,0
63.848,-12.63,37.722,1.2579042491450976,0
65.152,-12.921,38.674,1.3129798464704756,0
66.964,-11.527,38.296,1.7204076394153565,0
66.154,-11.903,37.635,1.7732977602289102,0
65.527,-11.431,37.268,1.4602844694169081,0
65.72,-8.454,39.802,1.7761310999956375,0
66.612,-9.506,40.125,1.3657129950580718,0
65.699,-8.869,37.436,1.5424142842312423,0
65.421,-10.485,37.27,1.3553795181612664,0
64.203,-9.915,37.851,1.358628547161525,0
66.641,-9.754,37.695,1.4656966671952487,0
65.25,-13.194,39.697,1.3558476407463258,0
66.772,-11.594,41.441,1.423622179717008,0
67.126,-11.723,40.9,1.1559539439229098,0
66.031,-12.785,38.574,1.4227335581634597,0
65.003,-12.965,40.165,1.3710571939291365,0
66.001,-13.086,40.229,1.3124741815470264,0
67.213,-12.669,39.846,1.1453309114404653,0
66.687,-12.958,39.065,1.431746466329486,0
61.227,-10.582,38.442,1.1950407802898657,0
61.007,-9.929,38.816,1.483172066996772,0
63.377,-7.573,40.117,1.5620129618990382,0
62.217,-8.797,39.704,1.4049179744242482,0
63.509,-8.189,39.126,1.5131031432056334,0
62.267,-8.543,39.837,1.3469008902586486,0
64.415,-11.293,41.941,1.6944183518284284,0
65.652,-11.073,41.453,1.485433800222009,0
62.93,-14.175,40.266,1.2928189370034286,0
63.195,-13.44,41.115,1.2117599669377932,0
63.532,-14.292,40.136,1.3024412472408937,0
64.704,-12.649,40.479,1.4433208533770834,0
64.18,-14.002,39.697,1.133550181812458,0
65.091,-13.754,38.867,1.3845966360082123,0
64.116,-13.503,40.104,1.1874176724844503,0
62.128,-11.731,37.882,1.1613232314112045,0
64.078,-10.33,37.583,1.4462004431709967,0
62.329,-11.63,37.631,1.0290934802060552,0
62.621,-11.129,37.318,1.0842615431290255,0
63.715,-12.636,42.912,1.543624728485068,0
60.371,-14.494,45.405,1.4932002006720246,0
60.287,-15.547,45.408,1.377582176565632,0
60.938,-15.962,44.078,1.3727840700527107,0
60.546,-15.952,44.465,1.4191009613733137,0
61.995,-12.142,46.799,1.4212661472673005,0
63.127,-12.732,47.206,1.6756170646369064,0
64.155,-13.929,47.853,1.7809590701070523,0
61.453,-14.4,46.687,1.604202108205609,0
65.905,-16.517,47.507,2.413806762914546,0
64.953,-16.158,48.369,3.1485969967544087,0
66.183,-16.435,46.588,2.076341822109788,0
63.261,-18.168,47.268,2.0734059396076647,0
63.371,-13.564,42.294,1.4320613946290786,0
63.463,-15.216,42.683,1.4676125284948756,0
63.07,-14.951,41.513,1.549896741292226,0
63.763,-14.065,42.939,1.5147458372184226,0
61.284,-13.063,46.9,1.3552893555926822,0
64.125,-13.568,43.281,1.4547158827783275,0
65.51,-12.809,44.831,1.3786766771144894,0
64.724,-14.593,44.015,1.8025323703033835,0
65.303,-14.356,44.343,1.6620333935187168,0
65.281,-14.079,44.046,1.5924929910021648,0
63.997,-11.1,46.817,1.3733795518171086,0
65.445,-13.215,46.354,1.4633411966196181,0
65.148,-11.829,45.92,1.339270890567782,0
65.295,-12.982,46.824,1.4826494785860176,0
64.05,-12.0,47.098,1.4936140388610848,0
65.495,-12.722,46.338,1.3904603862631917,0
63.212,-14.69,48.302,1.875821249749903,0
63.004,-13.223,47.654,1.4795462061213827,0
62.397,-14.338,48.324,1.4436241345482692,0
61.768,-14.338,47.796,1.4565232574384934,0
61.844,-15.918,44.46,1.7454104241690784,0
62.1,-16.559,45.922,1.7927575738865782,0
64.496,-15.509,44.276,1.633483712054582,0
65.134,-16.878,45.273,1.9169348041150438,0
64.891,-16.889,45.259,1.9519446721846263,0
64.761,-16.517,44.487,1.6424409139567695,0
65.849,-15.748,44.762,1.8086145589494647,0
66.037,-14.405,46.766,1.77701002701616,0
65.182,-13.658,47.383,1.6930726926612416,0
64.978,-14.747,48.443,2.01925730922882,0
65.831,-14.289,47.915,1.790220676401766,0
62.793,-17.27,44.88,1.5707702476389744,1
62.452,-17.136,44.67,1.434899527729705,1
63.732,-17.299,45.209,1.86935711700173,0
64.076,-18.065,45.947,1.8254534488310024,0
62.7,-17.595,45.408,1.5197267784873683,1
62.221,-17.678,46.241,1.5686015686668833,1
63.633,-17.928,45.53,1.6831036901246685,1
65.913,-17.033,47.375,2.571683395747233,0
64.177,-18.462,46.628,2.1123063537505837,0
64.563,-18.55,47.777,2.7671498500692393,0
65.976,-17.537,46.969,2.2706479466774874,0
65.833,-17.537,46.577,2.25970586022409,0
63.691,-15.638,48.618,2.185324485280981,0
62.411,-16.972,47.642,1.740237886841889,0
63.359,-16.367,49.152,2.4368562970076857,0
64.304,-16.505,48.943,3.1344522970911726,0
63.795,-17.735,48.624,2.609674756104169,0
55.92,-11.535,46.356,1.4925708771451227,1
55.289,-10.911,42.726,1.1588977929582214,1
55.181,-9.913,42.954,1.0738585180953928,1
54.599,-10.82,43.42,1.1309528422948054,1
59.598,-10.83,47.254,1.0494969874473838,0
56.524,-10.783,46.762,1.283244043960186,1
56.198,-11.126,46.403,1.507990077692449,1
57.927,-12.182,48.332,1.1067525938689753,0
58.976,-12.654,47.965,1.233219071030569,0
55.98,-9.617,46.139,1.6191072785664034,1
56.5,-10.341,46.521,1.3762464511389987,1
54.103,-10.145,45.516,1.6289388316301723,1
54.951,-10.913,45.712,1.5437838672410351,1
55.0,-9.478,44.231,1.5326424765390068,1
54.626,-10.084,44.422,1.2404860047786945,1
54.81,-11.618,42.627,0.98928059347402,1
55.908,-11.529,41.895,1.1703436013183146,1
57.964,-12.082,47.421,1.1280718816290916,0
59.671,-13.645,45.85,1.185730000307056,0
60.782,-13.268,46.797,1.2520473236311669,0
60.196,-11.668,46.844,1.3719864802869957,0
56.832,-11.669,47.86,1.2323844991634678,0
58.371,-10.352,48.156,1.2021162091297666,0
58.403,-11.25,48.527,1.2956936082928958,0
58.103,-10.487,48.318,1.1619351049919124,0
59.716,-16.378,38.877,1.4644658744083188,0
57.673,-15.889,38.277,1.2332305373327523,0
55.959,-17.172,39.149,1.1426239630748938,0
57.099,-17.783,38.823,1.2882016202585787,0
57.163,-15.614,38.382,1.0964981944522647,0
56.795,-15.725,38.493,1.1309295920361564,0
59.138,-13.365,36.936,1.5285785010173494,0
59.561,-14.709,37.994,1.1336653206809038,0
55.707,-10.261,38.441,1.370781398984333,1
55.83,-9.66,39.092,1.590849332456716,1
55.796,-10.126,38.019,1.6544530496056418,1
58.106,-12.381,35.971,1.9789429772275242,0
56.421,-9.0,37.289,2.226631819840184,0
55.886,-9.78,35.437,2.2656725865899974,0
56.575,-8.951,36.461,2.3271232989776625,0
55.626,-9.836,36.038,2.116487981449077,0
57.34,-8.273,37.3,1.9273808122263305,0
57.188,-8.792,36.226,2.1274910987902445,0
56.567,-12.276,34.33,2.8219934896934533,0
55.788,-10.088,34.682,2.462997925192465,0
56.244,-13.976,38.873,1.206167646438364,0
61.661,-13.241,39.129,0.9917014216659467,0
61.261,-12.803,38.451,0.9581024252437699,0
60.831,-13.273,38.208,1.0228047589549607,0
60.451,-13.972,37.895,0.9943328967868923,0
57.218,-14.551,38.331,1.2617516530116144,0
57.6,-14.46,37.665,1.3917365239972337,0
57.22,-13.025,36.569,1.839525036586975,0
58.139,-13.861,36.738,1.5939960187200055,0
60.685,-10.409,38.338,1.6043310731014169,0
60.932,-10.778,38.181,1.3381688167610526,0
60.135,-10.387,37.628,1.4821470058111808,0
60.114,-11.692,37.227,1.4479315268185329,0
55.592,-12.151,39.358,1.3470536282951384,1
56.343,-10.81,41.173,1.5200449984378066,1
56.067,-10.453,40.504,1.5326057536968092,1
55.034,-13.177,39.378,1.185672439891873,1
55.26,-12.143,38.641,1.3617775921076016,1
56.292,-13.095,37.654,1.5838093770735606,0
55.032,-11.544,36.913,1.6405378090132277,0
54.944,-11.845,38.243,1.2797049150160786,1
59.64,-9.007,39.663,1.8387302252050413,0
59.185,-8.835,38.547,1.5802311055619556,0
59.827,-9.619,37.568,1.7681074535606873,0
59.049,-8.26,37.924,1.6278911353818764,0
57.701,-9.16,35.015,2.3178751470367565,0
58.156,-8.48,35.857,1.6527563943855255,0
58.096,-9.678,34.304,2.6197726190411705,0
59.908,-9.57,35.455,1.4185962490012167,0
59.765,-9.57,35.063,1.4259633723132257,0
58.221,-8.987,34.744,2.211850875696657,0
56.396,-12.73,36.204,2.040994498529989,0
55.82,-11.597,34.086,3.116388310377085,0
54.885,-11.322,35.097,2.36046311120261,0
55.746,-12.787,34.705,2.249361935646909,0
55.884,-11.006,34.021,3.0987699946733476,0
56.955,-11.913,34.025,3.0321174846620833,0
57.044,-9.559,34.226,2.6116183502935764,0
57.692,-9.928,33.834,2.7711028041848516,0
56.304,-10.524,33.515,3.0828293079734115,0
57.249,-10.386,33.306,3.0959990112507314,0
59.446,-19.49,42.337,1.2028517076586926,1
59.81,-19.289,41.958,1.190834740427739,1
59.522,-19.519,40.419,1.4163272891474141,0
58.513,-19.894,43.05,1.124576623281361,1
61.627,-15.56,39.919,1.4336403277410714,0
62.685,-18.994,41.466,1.593235946137831,0
62.364,-17.778,38.281,1.568360853198975,0
62.531,-18.818,38.699,1.7560696011029517,0
63.521,-15.308,40.732,1.3683943236386005,0
63.474,-18.837,39.189,1.8119804864046218,0
64.343,-19.064,40.864,1.6411368784483074,0
64.228,-19.165,40.441,1.7127086439577595,0
63.902,-19.064,39.617,1.7950566625333286,0
63.137,-17.008,43.507,1.5269648517557448,0
64.003,-15.908,41.642,1.5071714147753756,0
64.495,-16.669,42.899,1.3660582906089294,0
64.515,-16.152,41.59,1.5281047831536205,0
63.574,-18.887,41.675,1.5759312391871714,0
65.067,-17.509,42.501,1.4556154348434662,0
65.261,-17.275,42.166,1.4553243645335854,0
65.32,-17.959,41.783,1.5406186744797676,0
63.607,-15.759,39.183,1.3420798742021698,0
64.204,-15.677,38.952,1.218824333553331,0
65.475,-17.345,40.166,1.6399909843251674,0
62.899,-16.525,38.589,1.415027363049673,0
65.178,-18.016,39.3,1.9147185463299272,0
63.472,-15.98,38.917,1.4660025725390111,0
64.768,-16.08,38.582,1.454482971519383,0
64.473,-17.716,38.321,1.9034720065377482,0
58.852,-17.722,38.934,1.4274202511842937,0
59.983,-17.158,38.888,1.2982220626805416,0
60.388,-19.08,38.364,1.7063309918376566,0
60.733,-19.051,41.781,1.6157850083854306,1
62.443,-17.05,43.764,1.2658720415101858,0
61.926,-17.424,43.889,1.3015421637110924,1
62.599,-18.191,42.703,1.2709341160587093,1
60.763,-18.099,43.264,1.3554463843948417,1
61.806,-18.513,43.087,1.277374807953942,1
59.94,-19.31,40.419,1.2968667513407746,0
60.579,-19.086,41.155,1.3930156244896499,0
61.752,-19.434,41.096,1.4304117454919096,0
61.215,-19.976,38.9,1.931484525696257,0
62.434,-19.894,39.849,1.5759943221407142,0
61.052,-16.208,38.775,1.3699395673777193,0
61.172,-15.603,39.346,1.413104147269489,0
61.34,-16.333,38.584,1.2800596664793777,0
62.002,-16.266,38.637,1.1924276364362734,0
61.976,-16.924,38.109,1.186295299372906,0
59.256,-17.804,44.205,1.1296780615965714,1
53.764,-18.104,44.02,1.2870197178076594,1
54.697,-17.75,44.96,1.2736080484954424,1
54.922,-19.574,44.769,1.135887837004918,1
53.996,-18.294,44.351,1.3811444314031587,1
54.448,-18.954,44.68,1.1394183716869406,1
59.07,-17.218,45.176,1.1794952499734532,1
56.445,-17.621,45.95,1.078596709302001,1
55.734,-16.935,46.572,1.265871918140427,1
53.378,-16.512,43.996,1.6145775076671571,1
54.553,-16.166,46.435,1.3232583079571116,1
55.051,-15.87,48.212,1.2272816398028576,1
55.579,-16.364,47.983,1.1047471678335283,1
53.279,-16.509,43.958,1.5806806388200358,1
52.68,-15.332,45.945,1.402499518655811,1
53.193,-16.059,44.662,1.3538228298688109,1
53.075,-15.926,45.395,1.1109797859776274,1
56.262,-13.635,48.415,1.1864987567088452,1
56.376,-13.044,48.126,1.154726500007757,1
55.898,-13.914,48.825,1.2721476950119195,1
55.511,-14.585,48.984,1.2680200058755715,1
54.156,-12.334,47.751,1.3375532896690308,1
53.726,-15.082,48.375,1.23398792675521,1
54.356,-15.971,47.613,1.2957680490437529,1
52.117,-14.344,46.526,1.359497039868777,1
52.607,-15.157,46.685,1.2226558361020479,1
53.028,-13.244,48.088,1.207590283169429,1
52.477,-13.177,47.943,1.43365988685862,1
52.307,-13.48,47.768,1.286244708461432,1
57.376,-18.256,45.672,0.9977308172523995,1
59.004,-18.517,44.246,1.016729290294325,1
58.06,-19.542,44.771,0.9993780561056758,1
58.916,-18.626,44.525,1.0502592944424614,1
58.136,-17.955,46.078,1.129447889444908,1
57.561,-16.48,47.469,1.096562426050786,1
57.37,-17.512,46.927,1.0002659405984773,1
58.626,-17.261,46.608,1.1686658688410871,1
59.658,-14.726,45.405,1.4112788945403696,0
58.27,-14.082,46.789,1.2579835010482858,1
57.668,-14.118,47.908,1.095384855243359,1
56.658,-16.315,48.005,1.1783346610094383,1
56.59,-15.543,48.66,1.195689897379972,1
57.443,-16.001,48.132,1.0320229864532617,1
52.379,-15.066,43.947,1.3585255836045442,1
52.341,-13.527,44.385,1.445937198965065,1
52.178,-14.178,43.976,1.4140113519945205,1
54.214,-12.639,48.538,1.027718993248975,1
54.622,-14.261,49.349,1.5808342066298227,1
54.937,-13.143,49.14,0.9508207193773531,1
51.796,-12.666,45.694,1.3869022114054828,1
53.38,-10.447,46.473,1.9451042915776044,1
53.488,-11.496,46.742,1.4843055486389944,1
52.974,-12.127,44.722,1.343794257485555,1
53.434,-11.456,44.987,1.4032444461762295,1
51.921,-11.832,45.452,1.207789550593552,1
55.102,-18.389,38.861,1.1892643740470947,0
53.836,-18.614,39.003,1.1231635635883837,0
52.205,-19.562,40.091,1.0908928449614703,0
52.739,-19.498,39.548,1.1257148556264966,0
54.892,-14.215,39.214,1.0970455874178031,0
54.137,-16.127,38.41,0.934836617192888,0
55.038,-15.908,38.62,1.1294776560485165,0
53.984,-14.202,39.335,1.2143774306259572,1
51.978,-14.122,39.884,1.2571150915593488,1
52.452,-13.859,39.734,1.1916048391742562,1
51.374,-17.014,40.781,1.3126966860515226,1
52.009,-15.119,42.527,1.388952711107963,1
51.716,-14.142,41.836,1.1513240019254758,1
50.588,-15.671,41.27,1.4141605070453873,1
51.489,-14.707,42.071,1.2483163669607815,1
51.343,-13.992,40.694,1.2415215661016226,1
51.393,-14.366,39.976,1.3814997495028016,1
54.699,-13.486,39.378,1.1310143868868758,1
53.66,-13.283,40.19,1.1036112745420863,1
55.857,-14.891,39.013,1.121545495177283,0
52.563,-16.939,39.637,1.1211460254992622,0
54.405,-17.298,38.73,0.951305123716685,0
52.505,-16.677,39.394,1.0029322122602577,0
53.216,-17.157,38.56,1.0171363355612049,0
52.281,-14.104,42.445,1.1800115410215017,1
54.542,-12.44,41.755,1.0820291726139342,1
54.273,-12.194,42.087,1.0446214168506054,1
52.236,-13.522,42.174,0.9041397711692416,1
53.437,-12.152,41.735,1.0499775891533047,1
55.837,-17.548,39.206,1.283522146023805,0
55.739,-19.335,38.091,1.278455761248442,0
56.464,-22.646,39.167,1.5221993407277992,0
56.392,-23.119,40.285,1.4483685811112277,0
55.521,-23.766,41.102,1.331317410177332,0
54.611,-23.742,39.534,1.1032540798921842,0
58.606,-19.099,38.115,1.9444209492165367,0
57.094,-20.578,35.986,1.6461441021191108,0
57.346,-22.543,38.799,1.5958695395030795,0
56.539,-21.376,36.316,1.6054997282997567,0
60.869,-20.792,38.104,2.0851692330475045,0
60.995,-21.292,37.546,2.2333820173132084,0
60.263,-22.543,36.722,2.0944829630344914,0
59.548,-22.386,36.061,2.1935316812622068,0
60.365,-20.485,39.25,1.838031402474579,0
60.593,-22.499,37.284,1.9567053566983388,0
59.815,-21.663,39.604,1.5934197213136105,0
59.361,-22.868,39.45,1.359194695258468,0
60.562,-22.578,39.189,1.39823233364051,0
60.906,-21.698,38.471,1.5199982214828123,0
59.709,-23.529,38.073,2.011056981197419,0
58.649,-20.794,35.691,2.2366119077945927,0
60.401,-19.417,37.646,1.807543979013871,0
60.09,-21.987,36.031,2.148402340063203,0
58.985,-19.511,36.432,1.7349901905841127,0
61.075,-20.505,36.445,2.0135629313493477,0
59.826,-19.465,36.062,1.6091272325722508,0
59.819,-19.681,35.727,1.798785418789,0
59.474,-21.453,35.466,2.351091894447791,0
54.2,-20.925,37.918,1.2654112143144054,0
54.213,-19.68,38.718,1.3163018452982056,0
54.488,-19.588,38.443,1.2089695272723013,0
54.932,-20.385,37.713,1.3504156912619178,0
57.574,-22.383,39.832,1.5586734966885256,0
59.235,-21.094,40.011,1.5370923688499711,0
58.188,-22.412,39.772,1.5082147152141832,0
57.674,-21.869,41.567,1.1719168398241362,1
58.935,-21.649,40.516,1.3583693518588524,1
54.865,-21.986,37.707,1.3329458614472314,0
56.25,-22.64,38.993,1.4547000946959732,0
56.324,-22.794,37.836,1.523073233108415,0
57.021,-22.988,37.394,1.7529438800265893,0
57.109,-18.799,38.227,1.448923825341799,0
58.221,-20.348,35.935,1.885432102468385,0
57.757,-19.047,36.908,1.5076726092865471,0
57.195,-19.376,36.197,1.385829882201357,0
57.52,-22.164,42.298,1.16231632505638,1
53.751,-22.879,45.004,1.1707203454725699,1
52.924,-24.348,44.472,1.1630602800037533,1
54.432,-24.252,44.618,1.2083486888830337,1
53.5,-24.113,44.729,1.0872858268931391,1
53.815,-23.622,44.949,1.2094388240316634,1
57.17,-20.228,45.476,1.2815308370767589,1
56.713,-22.341,46.012,1.4718170717438892,1
55.11,-19.911,44.958,1.1240813165094843,1
56.453,-20.697,46.028,1.259558928207853,1
57.43,-21.966,45.801,1.570688914313543,1
57.504,-22.764,45.14,1.389077954101819,1
58.087,-20.791,41.641,1.0984698385326905,1
55.725,-23.709,41.337,1.2345709219099457,1
56.59,-24.541,43.461,1.2471443509235594,1
57.371,-23.11,42.854,1.2595382182553996,1
57.233,-23.544,42.623,1.2474998483139945,1
55.741,-19.623,45.251,1.1821608438323503,1
55.439,-23.807,44.783,1.4333980451273607,1
54.443,-22.1,45.341,1.1499250824696683,1
56.086,-22.367,46.295,1.3292888339801563,1
55.65,-23.025,45.767,1.330128071984002,1
58.362,-20.935,44.071,1.1384914773372723,1
57.749,-22.62,45.008,1.3577662499624996,1
58.156,-21.415,45.275,1.149152991490542,1
58.508,-21.18,44.148,1.1244551735260513,1
54.113,-20.064,44.239,1.1101422471690516,1
52.084,-20.053,44.643,1.1894671431055892,1
51.47,-18.075,43.873,1.47357380759592,1
49.894,-16.868,40.951,1.45931863531513,1
48.082,-18.828,41.719,1.3498765131517727,1
48.06,-17.44,41.755,1.9110990304504598,1
49.737,-16.645,43.582,1.669168929340111,1
49.165,-16.368,41.974,1.5876241771041308,1
48.864,-16.928,41.212,1.5647764958651613,1
48.684,-22.373,44.618,1.5205771290040115,1
47.835,-19.987,41.699,1.3367669792857795,1
47.642,-21.877,41.666,1.4491495760418276,1
48.684,-20.425,44.928,1.2524733017903869,1
47.537,-19.743,42.252,1.47522662078603,1
50.455,-21.843,44.568,1.0478357362247752,1
52.452,-22.403,44.761,0.9061377221828252,1
50.851,-21.541,44.817,1.1250694884628507,1
51.617,-21.698,45.2,1.1378102348815298,1
52.704,-16.524,43.362,1.3348102721825925,1
53.168,-17.196,43.57,1.6577748944229702,1
50.436,-20.749,40.825,1.3654841919611487,0
51.871,-20.574,39.854,1.2481597530117692,0
51.121,-19.689,40.381,1.3631555874498542,0
51.235,-19.955,44.949,1.1604041271525747,1
49.808,-17.866,44.425,1.4264109232108733,1
49.944,-19.111,45.341,1.3772639765688708,1
51.29,-18.66,44.813,1.2146333539660763,1
50.55,-16.825,40.784,1.6207954619145044,1
51.62,-18.297,40.808,1.393285861490135,0
49.079,-19.469,40.821,1.3558834389116885,1
49.614,-19.083,40.405,1.2584551302390619,1
47.711,-18.561,42.361,1.7825991595555197,1
48.065,-17.503,43.598,1.9418376584040866,1
47.532,-17.92,42.471,2.098256459871278,1
52.325,-16.249,43.362,1.3004503060472834,1
51.092,-16.167,42.862,1.4464147135986491,1
50.222,-16.103,42.278,1.3306236481361908,1
50.166,-16.274,43.193,1.5243750916646275,1
49.965,-21.431,44.629,1.0662361679808048,1
47.327,-21.978,44.692,1.759462707103083,1
48.336,-19.227,44.466,1.431119842368295,1
48.02,-20.468,44.76,1.3235940999983828,1
47.133,-19.661,43.424,1.3725528595243623,1
47.765,-21.27,41.621,1.4381338735300955,1
49.308,-21.08,40.79,1.3407847096347603,0
48.374,-21.34,40.879,1.370382621274084,0
50.975,-21.254,39.633,1.1551553130277878,0
53.846,-21.474,37.66,1.2941582547136175,0
53.91,-22.734,37.123,1.5550363330066175,0
50.52,-21.7,37.609,1.2293989894446637,0
51.183,-21.259,37.247,1.2724682023867733,0
50.444,-22.577,36.062,1.285897680821849,0
53.067,-25.867,37.782,1.3787809382690899,0
50.846,-23.774,35.632,1.4229442092513274,0
52.563,-26.367,36.746,1.4424468961098416,0
52.487,-26.164,36.03,1.6536358615873137,0
51.315,-24.488,35.142,1.6556249206979965,0
51.716,-24.488,35.002,1.9491303379284546,0
54.377,-23.654,36.788,1.6311460681699979,0
54.306,-24.317,37.516,1.3989445277801966,0
52.756,-24.805,35.041,2.178276243490017,0
53.678,-23.204,36.27,1.6654782050954007,0
54.009,-25.895,36.598,1.2458561089167874,0
54.19,-23.715,36.2,1.7384033583817495,0
54.107,-25.357,35.482,1.7035590777824883,0
53.863,-25.18,35.221,1.7766328910356142,0
49.747,-25.167,37.365,1.1050919443284148,0
51.273,-26.994,36.693,1.293457369912535,0
49.493,-25.914,37.674,1.217514231170723,0
50.526,-25.348,35.866,1.4557159791816474,0
49.0,-22.331,40.077,1.356482418303983,0
50.054,-22.034,38.802,1.1188208524570258,0
52.531,-20.233,39.495,1.20124750091217,0
52.807,-20.486,38.485,1.1999801354909747,0
52.141,-20.951,37.909,1.191867241760718,0
53.272,-25.051,39.02,1.2054600072023902,0
54.544,-23.602,38.092,1.1126624143882509,0
54.79,-23.358,38.719,1.325257694016068,0
54.0,-24.379,39.011,0.9879866255149222,0
49.838,-23.605,37.079,1.2077285201385837,0
49.409,-23.264,37.465,1.076694691137488,0
49.69,-22.412,37.101,1.085884773536829,0
51.984,-23.324,35.291,1.5196520467744472,0
53.47,-22.4,36.41,1.3725927026738678,0
52.692,-21.293,36.25,1.381248674161642,0
52.889,-21.968,35.539,1.346242661510949,0
54.07,-24.523,40.164,1.130166204392166,0
54.161,-25.4,40.43,1.1826902123167047,0
56.021,-26.937,41.854,1.4155657341635488,1
55.497,-26.982,45.996,1.3772426083435811,1
54.089,-27.559,45.382,1.4060933059584746,1
56.218,-26.612,45.809,1.4033782700023316,1
57.39,-27.235,44.921,2.195821999525802,1
57.1,-28.495,44.097,2.317938068169529,1
56.772,-27.688,42.612,1.6798104124769366,1
52.386,-29.38,44.682,1.191916946444731,1
52.703,-29.184,45.034,1.2076235822741554,1
53.173,-28.531,39.977,1.2246003869870934,0
52.615,-26.224,38.563,1.2006048468206565,0
53.591,-27.997,40.277,1.257996600218972,0
53.368,-27.084,39.697,1.131633221934628,0
56.29,-24.952,42.732,1.452074575324592,1
55.974,-25.099,42.173,1.3529032907853122,1
52.21,-24.58,44.472,1.2312981880130653,1
54.248,-25.343,44.845,1.378531966443188,1
52.143,-25.265,44.649,1.3119479283854334,1
55.04,-29.128,41.216,1.6536647223236303,0
55.67,-28.687,41.514,1.7188724420631554,0
55.077,-28.941,41.194,1.5707794224324207,0
55.71,-28.24,41.226,1.493559702726992,0
55.355,-25.168,45.044,1.5019586526834718,1
55.539,-24.885,44.885,1.4961092027870497,1
55.302,-26.558,46.058,1.1702758039918044,1
54.653,-26.141,45.777,1.0231640604377803,1
55.927,-29.597,43.156,2.5497831405027145,1
56.277,-29.239,44.051,2.748770551993992,1
55.669,-28.55,45.696,1.6278716075478261,1
56.326,-29.287,44.776,2.3839264459918006,1
56.48,-25.237,43.981,1.5344028389926483,1
57.422,-27.692,43.424,1.8155500777594706,1
56.329,-26.184,42.446,1.4744301594287657,1
57.78,-26.818,43.483,1.405020127100642,1
57.247,-27.235,42.772,1.5759756236781326,1
53.466,-27.659,45.33,1.2672969022721607,1
51.646,-27.497,44.88,1.220981302612309,1
52.981,-27.088,45.158,1.1211582373077007,1
54.523,-30.836,44.21,2.1536508887031682,1
53.988,-29.131,45.248,1.4409655116866638,1
50.777,-26.727,45.027,1.0763485247383697,1
47.258,-28.822,41.906,1.411036717440976,0
46.765,-28.314,42.498,1.1421033866926429,0
47.112,-27.345,44.142,1.402665038082846,1
46.489,-27.302,43.203,1.0941030890272487,0
49.04,-22.718,44.783,1.4650724413144323,1
50.382,-26.211,45.524,1.0306691680520996,1
48.439,-23.218,45.38,1.8218111516899387,1
47.139,-26.409,46.546,1.8094318469795168,1
47.488,-26.219,46.842,1.778242639828261,1
48.729,-26.645,46.181,1.246245576910227,1
47.447,-22.589,45.239,2.1559726814859808,1
46.598,-22.157,45.113,2.08986462133695,1
44.344,-24.633,46.867,3.043955970207634,0
45.314,-24.003,47.549,2.7983231814684277,1
44.552,-24.003,47.182,3.2020176804228573,0
43.813,-22.179,44.439,2.2531649888293503,1
49.652,-26.696,45.544,1.003448390786965,1
50.474,-28.157,44.28,1.1879717147008,1
49.284,-28.091,44.66,1.0262796016750333,1
49.043,-27.17,45.39,1.273132444609809,1
50.469,-26.154,45.499,0.9319859504489673,1
50.937,-23.899,45.269,1.0784604233242632,1
51.357,-24.3,45.135,1.1000764522885693,1
50.327,-25.926,45.877,0.9346628320857481,1
50.274,-24.507,46.443,0.9683908908732269,1
50.3,-23.849,45.915,1.117781984110668,1
48.478,-26.889,45.983,1.4771660216869382,1
48.413,-27.34,45.23,1.3802005618733744,1
47.007,-26.59,46.373,1.6865751801012505,1
46.82,-27.009,45.246,1.8582830835241047,1
48.499,-25.634,47.127,1.510464952906177,1
47.629,-23.349,46.605,1.7246345454024152,1
48.6,-25.334,47.29,1.484456403183248,1
45.191,-24.508,43.387,2.0391844964817647,0
45.192,-23.348,42.408,1.3398246798959386,0
45.682,-25.155,42.62,1.556480776900237,0
45.602,-25.701,43.618,1.8795825574888088,0
45.822,-25.879,46.582,2.3278202529753185,0
44.489,-24.902,47.009,3.002498963181955,0
44.424,-25.738,46.298,2.3606277027325477,0
46.831,-24.243,47.359,2.180248139537855,1
45.847,-23.946,47.618,2.596146327829992,1
45.656,-22.102,46.298,2.2321670429853704,1
45.817,-22.729,47.457,2.2684803693826194,1
44.504,-23.1,43.369,1.827427693586698,0
46.238,-21.82,44.589,1.8638498417894918,1
46.079,-23.228,42.23,1.4556814689840238,0
47.251,-22.247,43.0,1.7203210330185643,1
46.422,-21.405,43.802,1.5833631813690636,1
44.565,-21.658,44.567,1.9434439877379808,1
45.539,-21.977,43.374,1.8038696827049208,1
44.761,-23.502,43.126,1.7745405700171997,0
43.571,-24.004,45.822,2.748797121099321,0
42.828,-23.812,44.886,2.313091634741846,0
43.558,-24.904,44.47,1.9107537859411787,0
43.505,-24.395,43.759,1.7781401162653079,0
45.259,-21.911,46.386,2.514134178472547,1
43.24,-22.655,45.337,2.624222284021638,0
45.035,-21.739,46.405,2.445508891751535,1
44.387,-21.37,46.013,2.2708714755154205,1
44.156,-21.539,45.205,2.0824465707123174,1
48.492,-26.508,37.95,1.2812861830243925,0
47.401,-26.765,37.774,1.4540641987081848,0
46.973,-25.917,37.816,1.6380832057267372,0
46.663,-28.628,39.796,1.4465380362566225,0
46.86,-28.437,38.267,1.5480421595511646,0
46.359,-26.286,37.726,1.6154002950278614,0
45.442,-27.455,39.21,1.4969561092109596,0
46.042,-28.243,38.429,1.6647540104636152,0
46.687,-27.602,37.668,1.5436995030545975,0
48.792,-22.556,39.347,1.2966511164282066,0
45.326,-25.9,39.051,1.7622667402967758,0
47.318,-22.723,38.364,1.5564220417570325,0
46.122,-23.111,37.423,1.878077288992365,0
44.175,-23.606,38.892,2.3006863906585995,0
46.297,-22.035,39.186,1.3734039575207517,0
46.856,-22.401,38.362,1.3522633573666754,0
46.068,-22.436,38.001,1.6207659250365214,0
45.068,-25.507,38.401,2.122939042693917,0
45.639,-25.686,37.546,1.9500893397597985,0
44.743,-25.222,37.875,2.396492157700329,0
45.51,-25.377,37.157,2.0286911989592413,0
45.129,-23.585,37.157,2.5187686706607613,0
46.071,-25.091,36.896,1.8639339470101755,0
45.372,-23.488,42.01,1.5459097215375375,0
45.866,-22.853,41.114,1.3478189778703569,0
45.158,-22.886,41.741,1.3379568773789765,0
43.959,-23.277,40.406,1.687682002246978,0
44.675,-22.008,40.023,1.4891156934197187,0
44.474,-22.117,39.625,1.6401762918398994,0
45.152,-24.79,40.772,1.6488809861185727,0
45.533,-25.905,39.897,1.6459738539315683,0
45.751,-26.539,40.825,1.2307572152385604,0
45.953,-25.872,42.412,1.3734231729585467,0
45.432,-26.082,41.307,1.19663301118743,0
47.051,-22.833,42.665,2.010400533529325,1
47.225,-22.674,41.502,1.4921452363253078,0
47.201,-22.408,41.165,1.4456859867493554,0
47.375,-23.876,37.724,1.5895195088098057,0
49.253,-25.401,37.961,1.4613181470409198,0
48.418,-23.465,38.027,1.3186225677712187,0
49.374,-26.916,37.754,1.0927824339423444,0
50.138,-31.198,39.256,1.6991163087449963,0
48.816,-31.381,38.956,1.8244967310247324,0
47.015,-29.209,40.094,1.4858327472774124,0
47.436,-31.047,41.18,1.9296987944924897,0
47.763,-31.787,39.97,2.067201606060796,0
47.156,-29.866,38.833,1.7013000839825676,0
46.823,-30.413,40.337,1.7383003276080498,0
47.002,-31.264,39.556,1.9232455859242288,0
47.129,-30.843,38.838,1.9014952891438746,0
52.841,-28.539,39.26,1.0486013436128416,0
52.879,-28.987,39.169,1.0773284669538141,0
50.044,-28.113,37.132,1.1438992265094248,0
52.639,-27.675,38.398,1.1010282636856044,0
50.575,-29.107,37.109,1.0333184996657128,0
47.534,-29.175,38.47,1.554377688075389,0
49.438,-28.629,37.107,1.1616986306052515,0
47.859,-28.383,37.495,1.3342167340922553,0
48.119,-28.332,37.26,1.2467998373884543,0
48.654,-28.194,37.051,1.2395690082736053,0
52.127,-30.366,39.281,1.3380644332480929,0
52.387,-29.124,37.844,1.0543998891207664,0
51.343,-30.479,38.264,1.1481814318019958,0
51.992,-29.714,37.553,1.0138451131695665,0
51.023,-27.396,36.833,1.2396155732864158,0
48.956,-33.001,41.71,2.4162033843959345,0
49.736,-29.749,44.282,1.2899264240832702,1
49.406,-32.942,42.945,2.5734372901469156,0
48.171,-32.464,42.132,2.4435508215747928,0
47.651,-30.539,44.237,1.4300379548802693,0
48.202,-30.915,44.632,1.5302208398693449,0
48.332,-30.469,44.632,1.3560232579819445,1
47.613,-31.374,44.105,1.8403863803315217,0
48.909,-32.623,43.744,2.2697148731392427,0
48.797,-32.801,42.92,2.5896641335946806,0
47.298,-29.402,41.782,1.4876201178959878,0
47.032,-30.537,41.92,1.6136171200831166,0
47.637,-27.367,45.147,1.6420223814984882,1
46.846,-29.737,43.466,1.3450164243269531,0
46.95,-30.867,42.302,1.7619088560586,0
51.895,-33.783,42.154,2.398471650541798,0
51.962,-33.692,41.482,2.2434330252091996,0
52.471,-30.189,44.524,1.3846109651257474,1
50.916,-30.47,44.188,1.5752279803191256,1
53.351,-32.611,41.011,2.2175479618145757,0
54.319,-31.784,40.482,1.7391100157928385,0
52.461,-30.786,39.877,1.5662882214697238,0
54.79,-29.601,40.796,1.5013591027297049,0
53.173,-30.555,39.692,1.4054396263527036,0
54.356,-30.796,40.11,1.4729925851322607,0
53.819,-30.406,39.684,1.329999005635816,0
55.55,-32.723,42.65,2.5606130159172333,1
55.44,-32.758,42.226,2.5272014475999076,0
47.856,-31.692,40.954,2.1823586691132038,0
48.462,-32.704,41.759,2.529049028583322,0
48.757,-33.069,41.284,2.2890924533554102,0
49.529,-32.679,40.157,1.9433826541497212,0
51.444,-33.306,43.475,2.572776265668834,0
50.781,-33.338,43.502,2.4938883733002997,0
50.534,-34.075,42.582,2.572853112802864,0
50.175,-31.743,39.803,1.7446338412241866,0
51.839,-30.884,39.616,1.4970964993858675,0
51.486,-33.467,40.68,1.886644766042807,0
52.244,-33.08,40.33,1.905054948424303,0
50.743,-30.259,44.115,1.4898912990996203,1
51.12,-28.931,43.854,1.293129007552662,1
53.742,-31.302,44.248,1.9288877916935945,1
52.246,-31.008,44.66,1.5794284777541778,1
52.835,-31.732,44.809,1.6114167571475833,1
53.165,-31.515,44.6,1.6142531406196896,1
54.787,-30.769,44.014,2.693006664616095,1
53.556,-32.491,44.223,2.2020814599962577,1
54.76,-31.85,44.317,2.13761390781925,1
54.324,-33.218,43.789,2.390639838474687,1
54.555,-33.387,42.981,2.513761157350772,1
55.697,-30.592,43.162,2.6011950709170857,1
56.04,-30.196,41.794,1.9529629031212186,0
55.923,-31.213,43.085,2.503552805896819,1
56.318,-31.673,42.563,2.2689702554155424,0
56.03,-32.035,41.363,2.1811665922812344,0
55.587,-31.577,40.835,1.8797242026732115,0
